Ema Vassar,evassar1@list-manage.com,pNXt2PLenE
Lion Kesteven,lkesteven2@multiply.com,fCMv6TxPDH
Robina Meadowcroft,rmeadowcroft3@e-recht24.de,Px51yxfL
Gwenette Heiss,gheiss4@gnu.org,oh6sJp2
Angie Thirkettle,athirkettle5@goo.gl,XVO98u4Uqz94
Keene Vant,kvant6@mlb.com,9N7Kjxt7L
Giles Baribal,gbaribal7@tiny.cc,hszsg6tO
Nissy Robertson,nrobertson8@spotify.com,kNFpVz
Tony Braunston,tbraunston9@seattletimes.com,RozhG28wWQzJ
Tabbie Burns,tburnsa@yale.edu,anU7QD
Jillane Bunford,jbunfordb@prweb.com,7S2xUnRshX
Auberon Pybworth,apybworthc@lulu.com,B1mrz2mX6pJ
Gabriell Axell,gaxelld@goo.ne.jp,57h0SDhZ4h
Stephanie Hayman,shaymane@umich.edu,PdkiHLAalL
Berty Furmage,bfurmagef@ca.gov,u94Hwhu
Crystie Greaterex,cgreaterexg@tiny.cc,OGbbmD63V
Raffaello Nisot,rnisoth@businessinsider.com,VbxgM5vW1T8
Park Tearney,ptearneyi@bigcartel.com,fhbNoiKqo
Steffi Ryott,sryottj@si.edu,JyZGDgWsYEGD
Rakel Abberley,rabberleyk@360.cn,kisgiI
Annadiana Hamblington,ahamblingtonl@fema.gov,MInudnmMsN
Marven Ingleby,minglebym@jigsy.com,FyKb2tvgJn
Anallese Hampe,ahampen@bloglines.com,eOfYYRTE
Adelbert Edelheit,aedelheito@wunderground.com,a2z3r8IjR2